<configuration debug="false">
	<appender name="STDOUT" class="ch.qos.logback.core.ConsoleAppender">
		<encoder>
			<pattern>%d{HH:mm:ss.SSS} [%thread] %-5level %logger{36} %msg%n</pattern>
		</encoder>
	</appender>

	<appender name="SIFT" class="ch.qos.logback.classic.sift.SiftingAppender">
		<discriminator>
			<Key>log_tenant_id</Key>
			<DefaultValue>main</DefaultValue>
		</discriminator>
		<sift>
			<appender name="FILE-${log_tenant_id}" class="com.ancun.netsign.log.appender.TarsAppender">
				<File>log-${log_tenant_id}.log</File>
				<rollingPolicy class="ch.qos.logback.core.rolling.TimeBasedRollingPolicy">
					<fileNamePattern>log-${log_tenant_id}.log.%d{yyyy-MM-dd}-%i</fileNamePattern>
					<TimeBasedFileNamingAndTriggeringPolicy class="ch.qos.logback.core.rolling.SizeAndTimeBasedFNATP">
						<MaxFileSize>10MB</MaxFileSize>
					</TimeBasedFileNamingAndTriggeringPolicy>
					<maxHistory>300</maxHistory>
				</rollingPolicy>
				<encoder>
					<pattern>%d{yyyy-MM-dd HH:mm:ss.SSS}[%thread] %-5level %logger %msg%n</pattern>
				</encoder>
			</appender>
		</sift>
	</appender>

	<root level="${logLevel:-info}">
		<appender-ref ref="STDOUT" />
		<appender-ref ref="SIFT" />
	</root>
</configuration>